{"cameraMode":{"drawMode":0,"name":"Shaded","section":"Shading Mode"},"sceneLighting":true,"audioPlay":false,"sceneViewState":{"m_AlwaysRefresh":false,"showFog":true,"showSkybox":true,"showFlares":true,"showImageEffects":true,"showParticleSystems":true,"showVisualEffectGraphs":true,"m_FxEnabled":true},"in2DMode":false,"pivot":{"x":12.819610595703125,"y":-784.3760986328125,"z":1395.2821044921875},"rotation":{"x":-0.2597135007381439,"y":0.023749323561787607,"z":-0.006395245902240276,"w":-0.9653599858283997},"size":823.9746704101563,"orthographic":false}